name.firstName,name.lastName,age,address.line1,address.line2,address.city,address.state,gender,employment.title,employment.type,profile.social.linkedin,profile.social.github,profile.social.twitter,profile.social.deep.a.b.c.d.e.f.g.h.i.j.k.l.m.n,o.p.q.r.s.t,u.v.w.x.y.z.a1.b1.c1.d1.e1,favorite.color,favorite.food
Rohit,Prasad,35,"A-563 Rakshak Society",New Pune Road,Pune,Maharashtra,male,Software Engineer,Full-time,rohitprasad,rohitgit,rohit_twitter,deepvalue1,opqrst1,uvwxyz1,Blue,Pizza
Priya,Sharma,19,B-201 Green Acres,Old Mumbai Highway,Mumbai,Maharashtra,female,Student,Part-time,priyasharma,priyagit,priya_tw,deepvalue2,opqrst2,uvwxyz2,Red,Burger
David,Lee,52,45 Main Street,Park Avenue,New York,New York,male,Director,Full-time,davidlee,davidgit,david_tw,deepvalue3,opqrst3,uvwxyz3,Green,Sushi
Susan,Chen,68,Unit 10,Elderly Home Road,Toronto,Ontario,female,Retired,N/A,susanchen,susangit,susan_tw,deepvalue4,opqrst4,uvwxyz4,Yellow,Salad
Amit,Kumar,25,Flat 101,MG Road,Bangalore,Karnataka,male,Developer,Contract,amitkumar,amitgit,amit_tw,deepvalue5,opqrst5,uvwxyz5,Purple,Pasta
Emily,Clark,45,12 Elm St,Central Ave,Chicago,Illinois,female,Manager,Full-time,emilyclark,emilygit,emily_tw,deepvalue6,opqrst6,uvwxyz6,Orange,Steak
John,Doe,60,500 Oak Dr,North Blvd,Los Angeles,California,male,Consultant,Part-time,johndoe,johngit,john_tw,deepvalue7,opqrst7,uvwxyz7,Black,Chicken
Anna,Smith,22,77 Maple Rd,West End,Boston,Massachusetts,female,Designer,Intern,annasmith,annagit,anna_tw,deepvalue8,opqrst8,uvwxyz8,White,Ice Cream
Chris,Brown,38,88 Pine St,East Side,Seattle,Washington,male,Analyst,Full-time,chrisbrown,chrisgit,chris_tw,deepvalue9,opqrst9,uvwxyz9,Gray,Fries
Sophia,Wilson,55,99 Cedar Ave,South Park,Denver,Colorado,female,HR,N/A,sophiawilson,sophiagit,sophia_tw,deepvalue10,opqrst10,uvwxyz10,Teal,Salmon
Liam,Johnson,28,10 Birch St,North Ridge,Portland,Oregon,male,Engineer,Full-time,liamjohnson,liamgit,liam_tw,deepvalue11,opqrst11,uvwxyz11,Maroon,Tacos
Olivia,Williams,31,22 Lakeview Dr,Harbor Road,San Diego,California,female,Researcher,Full-time,oliviaw,oliviagit,olivia_tw,deepvalue12,opqrst12,uvwxyz12,Coral,Sushi
Noah,Jones,17,3 River Rd,Old Town,Memphis,Tennessee,male,Student,Part-time,noahj,noahgit,noah_tw,deepvalue13,opqrst13,uvwxyz13,Indigo,Nachos
Emma,Brown,42,400 Hill St,Sunset Blvd,San Francisco,California,female,Architect,Full-time,emmabrown,emmagit,emma_tw,deepvalue14,opqrst14,uvwxyz14,Lavender,Salad
Oliver,Davis,65,77 Harbor Way,Marina Bay,Miami,Florida,male,Retired,N/A,oliverd,olivergit,oliver_tw,deepvalue15,opqrst15,uvwxyz15,Navy,Clam Chowder
Ava,Miller,29,88 Orchard Ln,Maple Grove,Minneapolis,Minnesota,female,Consultant,Contract,avamiller,avagit,ava_tw,deepvalue16,opqrst16,uvwxyz16,Magenta,Stew
Elijah,Wilson,34,12 Sunset Ct,Elmwood,Austin,Texas,male,Developer,Full-time,elijahw,elijahgit,elijah_tw,deepvalue17,opqrst17,uvwxyz17,Olive,BBQ
Isabella,Moore,23,101 Pinecrest,Alder St,Charlotte,North Carolina,female,Designer,Full-time,isabellam,isabellagit,isabella_tw,deepvalue18,opqrst18,uvwxyz18,Peach,Crepe
James,Taylor,48,56 Broadway,Central,Newark,New Jersey,male,Director,Full-time,jamest,jamesgit,james_tw,deepvalue19,opqrst19,uvwxyz19,Silver,Roast
Mia,Anderson,36,9 Willow Ave,East Harbor,Baltimore,Maryland,female,Product Manager,Full-time,miaa,mia_git,mia_tw,deepvalue20,opqrst20,uvwxyz20,Marigold,Ramen
Benjamin,Thomas,53,33 Grove St,Old Port,San Jose,California,male,Engineer,Full-time,benjamint,bengit,ben_tw,deepvalue21,opqrst21,uvwxyz21,Beige,Pho
Charlotte,Jackson,27,16 Riverbend,South Quay,St. Louis,Missouri,female,Analyst,Full-time,charliej,charliegit,charlie_tw,deepvalue22,opqrst22,uvwxyz22,Plum,Panini
Lucas,White,19,5 Cedar Hollow,North Point,Columbus,Ohio,male,Student,Part-time,lucasw,lucasgit,lucas_tw,deepvalue23,opqrst23,uvwxyz23,Turquoise,Donut
Amelia,Harris,44,200 Summit Rd,Highlands,Milwaukee,Wisconsin,female,HR,Full-time,ameliah,ameliagit,amelia_tw,deepvalue24,opqrst24,uvwxyz24,Khaki,Quiche
Mason,Martin,58,301 Ridge St,Valley View,Sacramento,California,male,Consultant,Part-time,masonm,masongit,mason_tw,deepvalue25,opqrst25,uvwxyz25,Crimson,Goulash
Evelyn,Thompson,21,47 Oak Hollow,Greenwood,Indianapolis,Indiana,female,Intern,Internship,evelynt,evelyngit,evelyn_tw,deepvalue26,opqrst26,uvwxyz26,Amber,Toast
Logan,Garcia,39,75 Bay Ave,Cliffside,Raleigh,North Carolina,male,Engineer,Full-time,logang,logangit,logan_tw,deepvalue27,opqrst27,uvwxyz27,Sienna,Souvlaki
Harper,Martinez,33,11 Beacon St,Old Market,Las Vegas,Nevada,female,Manager,Full-time,harperm,harpergit,harper_tw,deepvalue28,opqrst28,uvwxyz28,Chartreuse,Paella
Alexander,Robinson,47,66 Pine St,Gateway,Orlando,Florida,male,Director,Full-time,alexr,alexgit,alex_tw,deepvalue29,opqrst29,uvwxyz29,Turmeric,Curry
Ella,Clark,26,18 Seaview Dr,Port Lane,Honolulu,Hawaii,female,Coordinator,Part-time,ellac,ellagit,ella_tw,deepvalue30,opqrst30,uvwxyz30,Azure,Shrimp
Michael,Rodriguez,61,9 Sunset Blvd,Coral Bay,St Petersburg,Florida,male,Retired,N/A,miker,mikegit,mike_tw,deepvalue31,opqrst31,uvwxyz31,Bronze,Crab Cakes
Abigail,Lewis,24,42 Stone Rd,Old Town,Richmond,Virginia,female,Researcher,Full-time,abigaill,abigailgit,abigail_tw,deepvalue32,opqrst32,uvwxyz32,Indigo,Salad
Daniel,Lee,41,88 Harbor Ln,Pine Point,Anchorage,Alaska,male,Analyst,Full-time,danl,danlgit,dan_tw,deepvalue33,opqrst33,uvwxyz33,Maroon,Borscht
Scarlett,Walker,50,14 Meadow Rd,Riverside,Fresno,California,female,Director,Full-time,scarlettw,scarlettgit,scarlett_tw,deepvalue34,opqrst34,uvwxyz34,Olive,Sashimi
Matthew,Hall,32,29 Crest Ave,Silverton,Boise,Idaho,male,Engineer,Full-time,matthewh,mattgit,matt_tw,deepvalue35,opqrst35,uvwxyz35,Coral,Burrito
Victoria,Allen,46,61 Parkview,The Glen,Baton Rouge,Louisiana,female,Manager,Full-time,victoriaa,victoriagit,victoria_tw,deepvalue36,opqrst36,uvwxyz36,Plum,Gumbo
Jackson,Young,18,2 Harbor St,New Dock,Provo,Utah,male,Student,Part-time,jacksont,jackgit,jack_tw,deepvalue37,opqrst37,uvwxyz37,Teal,Wrap
Zoey,Hernandez,37,73 Aspen Way,Forest Hill,Little Rock,Arkansas,female,Designer,Full-time,zoeyh,zoeygit,zoey_tw,deepvalue38,opqrst38,uvwxyz38,Beige,Creole
Owen,King,43,55 Water St,Downtown,Charleston,South Carolina,male,Consultant,Contract,owenk,owengit,owen_tw,deepvalue39,opqrst39,uvwxyz39,Khaki,Crabcake
Luna,Wright,30,8 Harborview,Seaside,Ft Lauderdale,Florida,female,Engineer,Full-time,lunaw,lunagit,luna_tw,deepvalue40,opqrst40,uvwxyz40,Gold,Pizza
